zip,eiaid,utility_name,state,service_type,ownership,comm_rate,ind_rate,res_rate
35473,195,Alabama Power Co,AL,Bundled,Investor Owned,0.12189508655453701,0.06365153835251516,0.13505671376828454
35229,195,Alabama Power Co,AL,Bundled,Investor Owned,0.12189508655453701,0.06365153835251516,0.13505671376828454
